0000000000,https://static.shipuxiu.com/s/1/6_e5750ebff09fc419.jpg,vllmnd/imgs/6_0000000000_how_to_sort_step_imgs_2.jpg
0000000000,https://static.shipuxiu.com/s/1/6_2abde462a599990f.jpg,vllmnd/imgs/6_0000000000_how_to_sort_step_imgs_0.jpg
0000000000,https://static.shipuxiu.com/s/1/6_f2f6fa1a3ad6637a.jpg,vllmnd/imgs/6_0000000000_how_to_sort_step_imgs_7.jpg
0000000001,https://static.shipuxiu.com/s/1/6_45e1fa1ad47d99f2.jpg,vllmnd/imgs/6_0000000001_how_to_sort_step_imgs_4.jpg
0000000001,https://static.shipuxiu.com/s/1/6_f2f6fa1a3ad6637a.jpg,vllmnd/imgs/6_0000000001_how_to_sort_step_imgs_7.jpg
0000000001,https://static.shipuxiu.com/s/1/6_98a2e82f3ac0d101.jpg,vllmnd/imgs/6_0000000001_how_to_sort_step_imgs_3.jpg
0000000002,https://static.shipuxiu.com/t/0/6_744328.jpg,vllmnd/imgs/6_0000000002_what_are_components_flat.jpg
0000000013,https://static.shipuxiu.com/t/0/6_744328.jpg,vllmnd/imgs/6_0000000013_what_are_components_nested.jpg
0000000025,https://static.shipuxiu.com/s/1/6_7f0df56bb64225d5.jpg,vllmnd/imgs/6_0000000025_what_are_step_imgs_doing_1.jpg
0000000025,https://static.shipuxiu.com/s/1/6_7d140ed545375dca.jpg,vllmnd/imgs/6_0000000025_what_are_step_imgs_doing_8.jpg
0000000025,https://static.shipuxiu.com/s/1/6_94e3075b1138b45c.jpg,vllmnd/imgs/6_0000000025_what_are_step_imgs_doing_6.jpg
0000000026,https://static.shipuxiu.com/s/1/6_e5750ebff09fc419.jpg,vllmnd/imgs/6_0000000026_what_are_step_imgs_doing_2.jpg
0000000026,https://static.shipuxiu.com/s/1/6_49bdb9868d7e75b7.jpg,vllmnd/imgs/6_0000000026_what_are_step_imgs_doing_9.jpg
0000000026,https://static.shipuxiu.com/s/1/6_d0822f5c5b234702.jpg,vllmnd/imgs/6_0000000026_what_are_step_imgs_doing_5.jpg
0000000027,https://static.shipuxiu.com/t/0/6_744328.jpg,vllmnd/imgs/6_0000000027_what_is_dish.jpg
0000000028,https://static.shipuxiu.com/s/1/6_2abde462a599990f.jpg,vllmnd/imgs/6_0000000028_what_is_step_img_doing_0.jpg
0000000029,https://static.shipuxiu.com/s/1/6_7f0df56bb64225d5.jpg,vllmnd/imgs/6_0000000029_what_is_step_img_doing_1.jpg
0000000030,https://static.shipuxiu.com/s/1/6_e5750ebff09fc419.jpg,vllmnd/imgs/6_0000000030_what_is_step_img_doing_2.jpg
0000000031,https://static.shipuxiu.com/s/1/6_98a2e82f3ac0d101.jpg,vllmnd/imgs/6_0000000031_what_is_step_img_doing_3.jpg
0000000032,https://static.shipuxiu.com/s/1/6_45e1fa1ad47d99f2.jpg,vllmnd/imgs/6_0000000032_what_is_step_img_doing_4.jpg
0000000033,https://static.shipuxiu.com/s/1/6_d0822f5c5b234702.jpg,vllmnd/imgs/6_0000000033_what_is_step_img_doing_5.jpg
0000000034,https://static.shipuxiu.com/s/1/6_94e3075b1138b45c.jpg,vllmnd/imgs/6_0000000034_what_is_step_img_doing_6.jpg
0000000035,https://static.shipuxiu.com/s/1/6_f2f6fa1a3ad6637a.jpg,vllmnd/imgs/6_0000000035_what_is_step_img_doing_7.jpg
0000000036,https://static.shipuxiu.com/s/1/6_7d140ed545375dca.jpg,vllmnd/imgs/6_0000000036_what_is_step_img_doing_8.jpg
0000000037,https://static.shipuxiu.com/s/1/6_49bdb9868d7e75b7.jpg,vllmnd/imgs/6_0000000037_what_is_step_img_doing_9.jpg
0000000038,https://static.shipuxiu.com/s/1/6_b659b37b40706b4d.jpg,vllmnd/imgs/6_0000000038_what_is_step_img_doing_10.jpg
0000000039,https://static.shipuxiu.com/s/1/6_3bed581294d32236.jpg,vllmnd/imgs/6_0000000039_what_is_step_img_doing_11.jpg
