data_id,file_name
0000000000,data/shipuxiu/spx-6.pkl
0000000001,data/shipuxiu/spx-6.pkl
0000000002,data/shipuxiu/spx-6.pkl
0000000003,data/shipuxiu/spx-6.pkl
0000000004,data/shipuxiu/spx-6.pkl
0000000005,data/shipuxiu/spx-6.pkl
0000000006,data/shipuxiu/spx-6.pkl
0000000007,data/shipuxiu/spx-6.pkl
0000000008,data/shipuxiu/spx-6.pkl
0000000009,data/shipuxiu/spx-6.pkl
0000000010,data/shipuxiu/spx-6.pkl
0000000011,data/shipuxiu/spx-6.pkl
0000000012,data/shipuxiu/spx-6.pkl
0000000013,data/shipuxiu/spx-6.pkl
0000000014,data/shipuxiu/spx-6.pkl
0000000015,data/shipuxiu/spx-6.pkl
0000000016,data/shipuxiu/spx-6.pkl
0000000017,data/shipuxiu/spx-6.pkl
0000000018,data/shipuxiu/spx-6.pkl
0000000019,data/shipuxiu/spx-6.pkl
0000000020,data/shipuxiu/spx-6.pkl
0000000021,data/shipuxiu/spx-6.pkl
0000000022,data/shipuxiu/spx-6.pkl
0000000023,data/shipuxiu/spx-6.pkl
0000000024,data/shipuxiu/spx-6.pkl
0000000025,data/shipuxiu/spx-6.pkl
0000000026,data/shipuxiu/spx-6.pkl
0000000027,data/shipuxiu/spx-6.pkl
0000000028,data/shipuxiu/spx-6.pkl
0000000029,data/shipuxiu/spx-6.pkl
0000000030,data/shipuxiu/spx-6.pkl
0000000031,data/shipuxiu/spx-6.pkl
0000000032,data/shipuxiu/spx-6.pkl
0000000033,data/shipuxiu/spx-6.pkl
0000000034,data/shipuxiu/spx-6.pkl
0000000035,data/shipuxiu/spx-6.pkl
0000000036,data/shipuxiu/spx-6.pkl
0000000037,data/shipuxiu/spx-6.pkl
0000000038,data/shipuxiu/spx-6.pkl
0000000039,data/shipuxiu/spx-6.pkl
